Timestamp,Health Score (%),Grade,Risk Level,Trend
2026-08-05T05:18:41.384399Z,64.25,D,HIGH,STABLE
2026-08-05T05:19:16.780408Z,64.25,D,HIGH,STABLE
2026-08-05T05:25:43.638603Z,64.25,D,HIGH,STABLE
2026-08-05T05:26:16.562939Z,64.25,D,HIGH,STABLE
2026-08-05T05:32:09.484802Z,64.25,D,HIGH,STABLE
2026-08-05T09:43:31.369134Z,64.25,D,HIGH,STABLE
2026-08-05T09:58:04.375505Z,73.75,C,MEDIUM,UPWARD
2026-08-05T09:58:59.004941Z,64.25,D,HIGH,DOWNWARD
2026-08-14T15:17:56.116049Z,64.25,D,HIGH,STABLE
2026-08-14T15:20:17.755491Z,64.25,D,HIGH,STABLE
2026-08-14T15:23:03.324539Z,64.25,D,HIGH,STABLE
2026-08-14T16:19:21.388974Z,64.25,D,HIGH,STABLE
2026-08-14T17:05:54.736611Z,64.25,D,HIGH,STABLE
2026-08-14T17:52:31.180491Z,64.25,D,HIGH,STABLE
2026-08-15T06:10:52.850522Z,64.25,D,HIGH,STABLE
2026-08-15T06:40:27.427005Z,64.25,D,HIGH,STABLE
2026-08-18T04:13:17.337361Z,64.25,D,HIGH,STABLE
2026-08-18T04:18:34.000923Z,64.25,D,HIGH,STABLE
2026-08-18T04:24:41.349394Z,64.25,D,HIGH,STABLE
2026-08-18T04:32:05.536996Z,64.25,D,HIGH,STABLE
2026-08-18T04:41:06.464907Z,64.25,D,HIGH,STABLE
2026-08-18T05:34:23.775478Z,64.25,D,HIGH,STABLE
2026-08-18T05:35:14.158096Z,64.25,D,HIGH,STABLE
2026-08-18T11:37:37.435348Z,64.25,D,HIGH,STABLE
2026-08-21T09:42:20.514329Z,64.25,D,HIGH,STABLE
2026-08-21T11:13:09.044836Z,64.25,D,HIGH,STABLE
2026-08-21T12:19:16.428597Z,64.25,D,HIGH,STABLE
2026-08-24T08:43:55.854208Z,64.25,D,HIGH,STABLE
2026-08-24T09:44:13.612981Z,64.25,D,HIGH,STABLE
2026-08-24T09:45:02.386354Z,64.25,D,HIGH,STABLE
2026-08-24T11:06:54.812915Z,64.25,D,HIGH,STABLE
2026-08-24T11:08:42.916835Z,64.25,D,HIGH,STABLE
2026-08-25T04:48:54.182587Z,64.25,D,HIGH,STABLE
2026-08-25T05:00:36.554554Z,64.25,D,HIGH,STABLE
2026-08-25T05:11:38.048050Z,64.25,D,HIGH,STABLE
2026-08-25T05:46:48.467875Z,64.25,D,HIGH,STABLE
2026-08-25T06:07:37.839886Z,64.25,D,HIGH,STABLE
2026-08-25T10:15:26.117677Z,64.25,D,HIGH,STABLE
2026-08-25T11:00:15.066880Z,64.25,D,HIGH,STABLE
2026-08-25T11:09:44.063207Z,64.25,D,HIGH,STABLE
2026-08-25T11:10:40.170612Z,64.25,D,HIGH,STABLE
2026-08-25T11:11:50.808321Z,64.25,D,HIGH,STABLE
2026-08-25T11:12:58.942643Z,64.25,D,HIGH,STABLE
2026-08-25T11:20:52.340515Z,64.25,D,HIGH,STABLE
